26217;Ville Niemi;68
26497;Joonas Lahti;53
31811;Petteri Kotovaara;30
35698;Jari Ylimainen;66
38034;Kalle Peltonen;58
26248;Tuukka-Matias Rytkönen;70
26841;Tero Gyllden;68
21899;Joni Ahvenainen;114
26060;Joonas Hartikainen;29
26262;Teemu Lappalainen;33
41662;Jarkko Vallius;26
35213;Aleksi Uusi-Jaakkola;52
30222;Jukka-Pekka Knuutinen;4
26534;Teemu Tihekari;21
15186;Juhana Kukkula;3
39535;Veijo Lahtinen;38
26221;Mikko Karvonen;14
37401;Mikko Niemi;21
18021;Samu Snabb;92
36228;Elias Varis;66
19622;Petri Pyöriä;22
15214;Tuomas Koskela;10
26263;Mikko Melkkilä;19
26288;Joni Hakkarainen;20
23822;Jarno Viljanen;42
33803;Pertti Uppala;16
27554;Henri Salmela;14
16559;Leo Lännenmäki;9
42448;Eero Forsblom;7